{
    "twitter": {
        "Ahh": "pic.twitter.com/bM8VHW2SW7",
        "Cold": "pic.twitter.com/wmR4ye0jXx",
        "Dog Washing": "pic.twitter.com/utkNGVvAdg",
        "Running": "pic.twitter.com/D8llSnxPVR",
        "Wild": "pic.twitter.com/7Y73t1DPgY"
    },
    "facebook": {
        "Ahh": "http://gph.is/2cM7Fx0",
        "Cold": "http://gph.is/2ctjM1g",
        "Dog Washing": "http://gph.is/2dj0mlN",
        "Running": "http://gph.is/2cBVt4i",
        "Wild": "http://gph.is/2dqbE3y"	
    }
}